Make,0
FORD,41084
HONDA,40749
TOYOT,33703
NISSA,31203
CHEVR,21948
FRUEH,20563
BMW,16372
ME/BE,16054
DODGE,14410
JEEP,13319
HYUND,10694
ACURA,7691
LEXUS,6707
INTER,6626
INFIN,6581
VOLKS,6185
GMC,6033
HIN,5820
SUBAR,5798
AUDI,5433
KIA,5033
NS/OT,4875
ISUZU,4494
MAZDA,4347
CHRYS,4240
MITSU,3025
ROVER,2829
VOLVO,2727
CADIL,2272
NIU,1873
WORKH,1788
LINCO,1653
KENWO,1468
PORSC,1081
BUICK,1006
MINI,999
TESLA,923
MERCU,749
PETER,664
JAGUA,498
MACK,486
UTILI,418
FIAT,414
SATUR,405
SMART,372
PONTI,364
MASE,293
SUZUK,259
SCION,217
SAAB,194
UD,143
FONTA,102
HUMME,97
ALFAR,72
KAWAS,69
OLDSM,51
VESPA,45
DORSE,33
BENTL,31
CHECK,29
THOMA,29
VANHO,25
STERL,25
LAMBO,21
PLYMO,19
YAMAH,19
SPRI,19
TRAIL,17
NAVIS,17
HARLE,16
TRIUM,16
GREAT,14
FERRA,14
MCI,14
ANCIA,13
UPS,11
JENSE,11
GEO,11
AUSTI,11
DUCAT,8
HUMBE,8
AUTOC,7
ROLLS,6
WHITE,6
BSA,5
AMC,5
UNIFL,5
GRUMM,5
PREVO,5
SUNBE,5
CITRO,4
MG,4
HYUN,3
NIIS,3
KENTU,3
RENAU,2
HIGHW,2
BUGAT,2
MORGA,2
OSHKO,2
DIAMO,2
PEUGE,2
GENES,1
CAMR,1
KOMFO,1
HYTR,1
STRIC,1
L/R,1
DIA,1
SIMCA,1
MAGEL,1
MAYBA,1
DATSU,1
OPELP,1
YUGO,1
